{"chunk_definitions":[{"chunk_id":"cg121d8ssp3h1","chunk_label":"unnamed-chunk-2","document_id":"A5D98409","expansion_state":0,"options":{"engine":"r","label":"unnamed-chunk-4"},"row":35,"row_count":1,"visible":true},{"chunk_id":"c1adrdsv6utcf","chunk_label":"unnamed-chunk-3","document_id":"A5D98409","expansion_state":0,"options":{"engine":"r","label":"unnamed-chunk-12"},"row":63,"row_count":1,"visible":true},{"chunk_id":"cld4rjyv93s6f","chunk_label":"unnamed-chunk-4","document_id":"A5D98409","expansion_state":0,"options":{"engine":"r","label":"unnamed-chunk-4"},"row":77,"row_count":1,"visible":true},{"chunk_id":"c9b716jotawso","chunk_label":"unnamed-chunk-6","document_id":"A5D98409","expansion_state":0,"options":{"engine":"r","label":"unnamed-chunk-2"},"row":94,"row_count":1,"visible":true},{"chunk_id":"c8vk6i6ggizzd","chunk_label":"unnamed-chunk-7","document_id":"A5D98409","expansion_state":0,"options":{"engine":"r","label":"unnamed-chunk-1"},"row":103,"row_count":1,"visible":true}],"doc_write_time":1519611733}