{"chunk_definitions":[{"chunk_id":"cg121d8ssp3h1","chunk_label":"unnamed-chunk-2","document_id":"A5D98409","expansion_state":0,"options":{"engine":"r","label":"unnamed-chunk-5"},"row":32,"row_count":1,"visible":true},{"chunk_id":"c1adrdsv6utcf","chunk_label":"unnamed-chunk-3","document_id":"A5D98409","expansion_state":0,"options":{"engine":"r","label":"unnamed-chunk-3"},"row":60,"row_count":1,"visible":true},{"chunk_id":"cld4rjyv93s6f","chunk_label":"unnamed-chunk-4","document_id":"A5D98409","expansion_state":0,"options":{"engine":"r","label":"unnamed-chunk-2"},"row":74,"row_count":1,"visible":true},{"chunk_id":"cflspqtgnb71k","chunk_label":"unnamed-chunk-5","document_id":"A5D98409","expansion_state":0,"options":{"engine":"r","label":"unnamed-chunk-2"},"row":81,"row_count":1,"visible":true},{"chunk_id":"c9b716jotawso","chunk_label":"unnamed-chunk-6","document_id":"A5D98409","expansion_state":0,"options":{"engine":"r","label":"unnamed-chunk-8"},"row":97,"row_count":1,"visible":true}],"doc_write_time":1519584835}